split,MACE
50/50,0.1431623931623932
60/40,0.14861111111111114
70/30,0.1357638888888889
