{
  "spearman_rho": -0.5078260869565216,
  "spearman_p": 0.011297601785925501,
  "kendall_tau": -0.35507246376811596,
  "kendall_p": 0.014944914620183143
}